{
  "lang":"en",
  "name":"pipeline",
  "version":"0.0.0",
  "spacy_version":">=3.2.1,<3.3.0",
  "description":"",
  "author":"",
  "email":"",
  "url":"",
  "license":"",
  "spacy_git_version":"800737b41",
  "vectors":{
    "width":0,
    "vectors":0,
    "keys":0,
    "name":null,
    "mode":"default"
  },
  "labels":{
    "tok2vec":[

    ],
    "ner":[
      "COLLEGE NAME",
      "COMPANIES WORKED AT",
      "DEGREE",
      "DESIGNATION",
      "EMAIL ADDRESS",
      "GRADUATION YEAR",
      "LOCATION",
      "NAME",
      "SKILLS",
      "YEARS OF EXPERIENCE"
    ]
  },
  "pipeline":[
    "tok2vec",
    "ner"
  ],
  "components":[
    "tok2vec",
    "ner"
  ],
  "disabled":[

  ],
  "performance":{
    "ents_f":0.5397301349,
    "ents_p":0.5389221557,
    "ents_r":0.5405405405,
    "ents_per_type":{
      "NAME":{
        "p":0.9444444444,
        "r":0.8947368421,
        "f":0.9189189189
      },
      "DESIGNATION":{
        "p":0.612244898,
        "r":0.625,
        "f":0.618556701
      },
      "COMPANIES WORKED AT":{
        "p":0.4705882353,
        "r":0.3137254902,
        "f":0.3764705882
      },
      "LOCATION":{
        "p":0.6666666667,
        "r":0.3111111111,
        "f":0.4242424242
      },
      "EMAIL ADDRESS":{
        "p":0.6842105263,
        "r":0.8666666667,
        "f":0.7647058824
      },
      "DEGREE":{
        "p":0.8214285714,
        "r":0.7666666667,
        "f":0.7931034483
      },
      "COLLEGE NAME":{
        "p":0.7045454545,
        "r":0.7948717949,
        "f":0.7469879518
      },
      "GRADUATION YEAR":{
        "p":0.4901960784,
        "r":0.8333333333,
        "f":0.6172839506
      },
      "SKILLS":{
        "p":0.1571428571,
        "r":0.2037037037,
        "f":0.1774193548
      },
      "YEARS OF EXPERIENCE":{
        "p":0.0,
        "r":0.0,
        "f":0.0
      }
    },
    "tok2vec_loss":2818.2698638871,
    "ner_loss":7159.5127139383
  }
}