{
  "lang":"en",
  "name":"pipeline",
  "version":"0.0.0",
  "spacy_version":">=3.2.1,<3.3.0",
  "description":"",
  "author":"",
  "email":"",
  "url":"",
  "license":"",
  "spacy_git_version":"800737b41",
  "vectors":{
    "width":300,
    "vectors":684830,
    "keys":684830,
    "name":"en_vectors",
    "mode":"default"
  },
  "labels":{
    "tok2vec":[

    ],
    "ner":[
      "COLLEGE NAME",
      "COMPANIES WORKED AT",
      "DEGREE",
      "DESIGNATION",
      "EMAIL ADDRESS",
      "GRADUATION YEAR",
      "LOCATION",
      "NAME",
      "SKILLS",
      "YEARS OF EXPERIENCE"
    ]
  },
  "pipeline":[
    "tok2vec",
    "ner"
  ],
  "components":[
    "tok2vec",
    "ner"
  ],
  "disabled":[

  ],
  "performance":{
    "ents_f":0.5775862069,
    "ents_p":0.5537190083,
    "ents_r":0.6036036036,
    "ents_per_type":{
      "NAME":{
        "p":0.95,
        "r":1.0,
        "f":0.9743589744
      },
      "DESIGNATION":{
        "p":0.6595744681,
        "r":0.6458333333,
        "f":0.6526315789
      },
      "COMPANIES WORKED AT":{
        "p":0.5135135135,
        "r":0.7450980392,
        "f":0.608
      },
      "LOCATION":{
        "p":0.6444444444,
        "r":0.6444444444,
        "f":0.6444444444
      },
      "EMAIL ADDRESS":{
        "p":0.6428571429,
        "r":0.6,
        "f":0.6206896552
      },
      "DEGREE":{
        "p":0.8846153846,
        "r":0.7666666667,
        "f":0.8214285714
      },
      "COLLEGE NAME":{
        "p":0.7741935484,
        "r":0.6153846154,
        "f":0.6857142857
      },
      "SKILLS":{
        "p":0.1538461538,
        "r":0.2222222222,
        "f":0.1818181818
      },
      "GRADUATION YEAR":{
        "p":0.6956521739,
        "r":0.5333333333,
        "f":0.6037735849
      },
      "YEARS OF EXPERIENCE":{
        "p":0.0,
        "r":0.0,
        "f":0.0
      }
    },
    "tok2vec_loss":937.2539365347,
    "ner_loss":5761.1489570136
  }
}