{
  "lang":"en",
  "name":"pipeline",
  "version":"0.0.0",
  "spacy_version":">=3.2.1,<3.3.0",
  "description":"",
  "author":"",
  "email":"",
  "url":"",
  "license":"",
  "spacy_git_version":"800737b41",
  "vectors":{
    "width":0,
    "vectors":0,
    "keys":0,
    "name":null,
    "mode":"default"
  },
  "labels":{
    "tok2vec":[

    ],
    "ner":[
      "COLLEGE NAME",
      "COMPANIES WORKED AT",
      "DEGREE",
      "DESIGNATION",
      "EMAIL ADDRESS",
      "GRADUATION YEAR",
      "LOCATION",
      "NAME",
      "SKILLS",
      "YEARS OF EXPERIENCE"
    ]
  },
  "pipeline":[
    "tok2vec",
    "ner"
  ],
  "components":[
    "tok2vec",
    "ner"
  ],
  "disabled":[

  ],
  "performance":{
    "ents_f":0.3625122945,
    "ents_p":0.5359368509,
    "ents_r":0.2738853503,
    "ents_per_type":{
      "NAME":{
        "p":0.3166666667,
        "r":0.2857142857,
        "f":0.3003952569
      },
      "DESIGNATION":{
        "p":0.3992673993,
        "r":0.2037383178,
        "f":0.2698019802
      },
      "COMPANIES WORKED AT":{
        "p":0.3187250996,
        "r":0.1789709172,
        "f":0.229226361
      },
      "LOCATION":{
        "p":0.8170212766,
        "r":0.4098185699,
        "f":0.5458422175
      },
      "EMAIL ADDRESS":{
        "p":0.625,
        "r":0.4705882353,
        "f":0.5369127517
      },
      "DEGREE":{
        "p":0.56,
        "r":0.2058823529,
        "f":0.3010752688
      },
      "SKILLS":{
        "p":0.5609195402,
        "r":0.2833914053,
        "f":0.3765432099
      },
      "GRADUATION YEAR":{
        "p":0.3968253968,
        "r":0.2380952381,
        "f":0.2976190476
      },
      "COLLEGE NAME":{
        "p":0.5731707317,
        "r":0.2781065089,
        "f":0.374501992
      },
      "YEARS OF EXPERIENCE":{
        "p":0.3109756098,
        "r":0.1156462585,
        "f":0.1685950413
      }
    },
    "tok2vec_loss":7367.4647646614,
    "ner_loss":5346.8180729144
  }
}