{
  "lang":"en",
  "name":"pipeline",
  "version":"0.0.0",
  "spacy_version":">=3.2.1,<3.3.0",
  "description":"",
  "author":"",
  "email":"",
  "url":"",
  "license":"",
  "spacy_git_version":"800737b41",
  "vectors":{
    "width":0,
    "vectors":0,
    "keys":0,
    "name":null,
    "mode":"default"
  },
  "labels":{
    "tok2vec":[

    ],
    "ner":[
      "College Name",
      "Companies worked at",
      "Degree",
      "Designation",
      "Email Address",
      "Graduation Year",
      "Location",
      "Name",
      "Skills",
      "UNKNOWN",
      "Years of Experience"
    ]
  },
  "pipeline":[
    "tok2vec",
    "ner"
  ],
  "components":[
    "tok2vec",
    "ner"
  ],
  "disabled":[

  ],
  "performance":{
    "ents_f":0.5228519196,
    "ents_p":0.6682242991,
    "ents_r":0.4294294294,
    "ents_per_type":{
      "Name":{
        "p":0.9411764706,
        "r":0.8421052632,
        "f":0.8888888889
      },
      "Companies worked at":{
        "p":0.5714285714,
        "r":0.5490196078,
        "f":0.56
      },
      "Location":{
        "p":0.7727272727,
        "r":0.3777777778,
        "f":0.5074626866
      },
      "Designation":{
        "p":0.8,
        "r":0.4166666667,
        "f":0.5479452055
      },
      "Degree":{
        "p":0.8947368421,
        "r":0.5666666667,
        "f":0.693877551
      },
      "College Name":{
        "p":0.7826086957,
        "r":0.4615384615,
        "f":0.5806451613
      },
      "Skills":{
        "p":0.3333333333,
        "r":0.2037037037,
        "f":0.2528735632
      },
      "Email Address":{
        "p":0.7692307692,
        "r":0.6666666667,
        "f":0.7142857143
      },
      "Graduation Year":{
        "p":0.6666666667,
        "r":0.2,
        "f":0.3076923077
      },
      "Years of Experience":{
        "p":0.0,
        "r":0.0,
        "f":0.0
      }
    },
    "tok2vec_loss":4124.0052051363,
    "ner_loss":2312.7521983372
  }
}