{
  "lang":"en",
  "name":"pipeline",
  "version":"0.0.0",
  "spacy_version":">=3.2.1,<3.3.0",
  "description":"",
  "author":"",
  "email":"",
  "url":"",
  "license":"",
  "spacy_git_version":"800737b41",
  "vectors":{
    "width":0,
    "vectors":0,
    "keys":0,
    "name":null,
    "mode":"default"
  },
  "labels":{
    "tok2vec":[

    ],
    "ner":[
      "College Name",
      "Companies worked at",
      "Degree",
      "Designation",
      "Email Address",
      "Graduation Year",
      "Location",
      "Name",
      "Skills",
      "UNKNOWN",
      "Years of Experience"
    ]
  },
  "pipeline":[
    "tok2vec",
    "ner"
  ],
  "components":[
    "tok2vec",
    "ner"
  ],
  "disabled":[

  ],
  "performance":{
    "ents_f":0.5511265165,
    "ents_p":0.6516393443,
    "ents_r":0.4774774775,
    "ents_per_type":{
      "Name":{
        "p":0.95,
        "r":1.0,
        "f":0.9743589744
      },
      "Designation":{
        "p":0.641025641,
        "r":0.5208333333,
        "f":0.5747126437
      },
      "Companies worked at":{
        "p":0.5666666667,
        "r":0.6666666667,
        "f":0.6126126126
      },
      "Location":{
        "p":0.6060606061,
        "r":0.4444444444,
        "f":0.5128205128
      },
      "Email Address":{
        "p":0.6666666667,
        "r":0.9333333333,
        "f":0.7777777778
      },
      "Degree":{
        "p":0.8695652174,
        "r":0.6666666667,
        "f":0.7547169811
      },
      "College Name":{
        "p":0.75,
        "r":0.4615384615,
        "f":0.5714285714
      },
      "Skills":{
        "p":0.4736842105,
        "r":0.1666666667,
        "f":0.2465753425
      },
      "Graduation Year":{
        "p":0.0,
        "r":0.0,
        "f":0.0
      },
      "Years of Experience":{
        "p":0.0,
        "r":0.0,
        "f":0.0
      }
    },
    "tok2vec_loss":3746.6433713585,
    "ner_loss":4028.5736878757
  }
}