{
  "lang":"en",
  "name":"pipeline",
  "version":"0.0.0",
  "spacy_version":">=3.2.1,<3.3.0",
  "description":"",
  "author":"",
  "email":"",
  "url":"",
  "license":"",
  "spacy_git_version":"800737b41",
  "vectors":{
    "width":0,
    "vectors":0,
    "keys":0,
    "name":null,
    "mode":"default"
  },
  "labels":{
    "tok2vec":[

    ],
    "ner":[
      "COLLEGE NAME",
      "COMPANIES WORKED AT",
      "DEGREE",
      "DESIGNATION",
      "EMAIL ADDRESS",
      "GRADUATION YEAR",
      "LOCATION",
      "NAME",
      "SKILLS",
      "YEARS OF EXPERIENCE"
    ]
  },
  "pipeline":[
    "tok2vec",
    "ner"
  ],
  "components":[
    "tok2vec",
    "ner"
  ],
  "disabled":[

  ],
  "performance":{
    "ents_f":0.3431490385,
    "ents_p":0.5868448099,
    "ents_r":0.242462845,
    "ents_per_type":{
      "DESIGNATION":{
        "p":0.4642857143,
        "r":0.1700934579,
        "f":0.2489740082
      },
      "COMPANIES WORKED AT":{
        "p":0.4490740741,
        "r":0.2170022371,
        "f":0.2926093514
      },
      "LOCATION":{
        "p":0.8389513109,
        "r":0.2390608324,
        "f":0.3720930233
      },
      "EMAIL ADDRESS":{
        "p":0.5901639344,
        "r":0.4235294118,
        "f":0.4931506849
      },
      "DEGREE":{
        "p":0.5454545455,
        "r":0.2205882353,
        "f":0.3141361257
      },
      "COLLEGE NAME":{
        "p":0.5546218487,
        "r":0.3905325444,
        "f":0.4583333333
      },
      "SKILLS":{
        "p":0.6671664168,
        "r":0.2584204413,
        "f":0.3725408121
      },
      "NAME":{
        "p":0.5125,
        "r":0.3082706767,
        "f":0.3849765258
      },
      "GRADUATION YEAR":{
        "p":0.3409090909,
        "r":0.1428571429,
        "f":0.2013422819
      },
      "YEARS OF EXPERIENCE":{
        "p":0.4024896266,
        "r":0.2199546485,
        "f":0.284457478
      }
    },
    "tok2vec_loss":2094.5391641131,
    "ner_loss":4862.3277056734
  }
}