{
  "lang":"en",
  "name":"pipeline",
  "version":"0.0.0",
  "spacy_version":">=3.2.3,<3.3.0",
  "description":"",
  "author":"",
  "email":"",
  "url":"",
  "license":"",
  "spacy_git_version":"99425de36",
  "vectors":{
    "width":0,
    "vectors":0,
    "keys":0,
    "name":null,
    "mode":"default"
  },
  "labels":{
    "transformer":[

    ],
    "ner":[
      "COLLEGE NAME",
      "COMPANIES WORKED AT",
      "DEGREE",
      "DESIGNATION",
      "EMAIL ADDRESS",
      "GRADUATION YEAR",
      "LOCATION",
      "NAME",
      "SKILLS",
      "YEARS OF EXPERIENCE"
    ]
  },
  "pipeline":[
    "transformer",
    "ner"
  ],
  "components":[
    "transformer",
    "ner"
  ],
  "disabled":[

  ],
  "performance":{
    "ents_f":0.421887391,
    "ents_p":0.4232299125,
    "ents_r":0.4205533597,
    "ents_per_type":{
      "NAME":{
        "p":0.7471264368,
        "r":0.5752212389,
        "f":0.65
      },
      "DESIGNATION":{
        "p":0.5384615385,
        "r":0.3290598291,
        "f":0.4084880637
      },
      "COMPANIES WORKED AT":{
        "p":0.1332033788,
        "r":0.5310880829,
        "f":0.212987013
      },
      "LOCATION":{
        "p":0.8339694656,
        "r":0.5476190476,
        "f":0.6611195159
      },
      "EMAIL ADDRESS":{
        "p":0.7471264368,
        "r":0.9285714286,
        "f":0.8280254777
      },
      "DEGREE":{
        "p":0.6052631579,
        "r":0.3801652893,
        "f":0.4670050761
      },
      "COLLEGE NAME":{
        "p":0.5159235669,
        "r":0.6136363636,
        "f":0.5605536332
      },
      "SKILLS":{
        "p":0.5812743823,
        "r":0.3457076566,
        "f":0.4335596508
      },
      "GRADUATION YEAR":{
        "p":0.6666666667,
        "r":0.099009901,
        "f":0.1724137931
      },
      "YEARS OF EXPERIENCE":{
        "p":0.3722943723,
        "r":0.2747603834,
        "f":0.3161764706
      }
    },
    "transformer_loss":5385.5381900919,
    "ner_loss":42824.3515977411
  }
}